setup,predictNet,nodeMods,combineMulti3way,,,,,,,,,,,,,,,,,,,,,,,,,,,,,,,,,
settings,makeFits2,,,,,,,,,,,,,,,,,,,,,,,,,,,,,,,,,,,
fitNetwork,resample,modSelect,bootNet,makeFits,makeFits2,mlGVAR,mnetPowerSim,,,,,,,,,,,,,,,,,,,,,,,,,,,,,
plotNet,plotNet2,avlay,plotBoot,plotMods,plotCovNet,,,,,,,,,,,,,,,,,,,,,,,,,,,,,,,
plotNet2,,,,,,,,,,,,,,,,,,,,,,,,,,,,,,,,,,,,
predictNet,predictDelta,plotNet,,,,,,,,,,,,,,,,,,,,,,,,,,,,,,,,,,
predictDelta,,,,,,,,,,,,,,,,,,,,,,,,,,,,,,,,,,,,
avlay,,,,,,,,,,,,,,,,,,,,,,,,,,,,,,,,,,,,
SURsampler,settings,,,,,,,,,,,,,,,,,,,,,,,,,,,,,,,,,,,
SURfit,SURll,getCoefs,resample,getFitCIs,bootNet,condEffects,mnetPowerSim,fitNetwork,,,,,,,,,,,,,,,,,,,,,,,,,,,,
SURll,SURtable,resample,bootNet,simFits,mnetPowerSim,,,,,,,,,,,,,,,,,,,,,,,,,,,,,,,
SURtable,,,,,,,,,,,,,,,,,,,,,,,,,,,,,,,,,,,,
SURnet,net,netInts,resample,getFitCIs,selected,bootNet,plotBoot,condPlot,plotMods,condEffects,setupFit,results,mnetPowerSim,centTable,centAuto,centPlot,clustTable,clustAuto,plotCentrality,checkInclude,fitNetwork,plotNet,predictNet,predictDelta,SURll,SURtable,,,,,,,,,,
lagMat,surEqs,varSelect,resample,bootNet,lmerVAR,mnetPowerSim,fitNetwork,SURfit,,,,,,,,,,,,,,,,,,,,,,,,,,,,
surEqs,resample,bootNet,mnetPowerSim,SURfit,,,,,,,,,,,,,,,,,,,,,,,,,,,,,,,,
getCoefs,resample,bootNet,mnetPowerSim,SURll,SURnet,,,,,,,,,,,,,,,,,,,,,,,,,,,,,,,
net,netInts,resample,modLL,bootNet,plotBoot,plotMods,condEffects,params,setupFit,SimNets,summarize,zeros,sumPlot,simFits,compareMods,performance,getNets,getData,getMeans,plotData,fullData,mms,ssx,s2poolBy,s22,mnetPowerSim,centTable,centAuto,centPlot,plotCentrality,checkInclude,fitNetwork,plotNet,plotNet2,avlay,SURll
netInts,resample,bootNet,plotBoot,splitNets,SimNets,getNets,getData,mnetPowerSim,,,,,,,,,,,,,,,,,,,,,,,,,,,,
condEffects,condPlot,,,,,,,,,,,,,,,,,,,,,,,,,,,,,,,,,,,
params,,,,,,,,,,,,,,,,,,,,,,,,,,,,,,,,,,,,
pars,mlGVARsim,,,,,,,,,,,,,,,,,,,,,,,,,,,,,,,,,,,
makeFits,,,,,,,,,,,,,,,,,,,,,,,,,,,,,,,,,,,,
makeFits2,,,,,,,,,,,,,,,,,,,,,,,,,,,,,,,,,,,,
setupFit,,,,,,,,,,,,,,,,,,,,,,,,,,,,,,,,,,,,
setupRes,,,,,,,,,,,,,,,,,,,,,,,,,,,,,,,,,,,,
testVars,,,,,,,,,,,,,,,,,,,,,,,,,,,,,,,,,,,,
blockBoot,,,,,,,,,,,,,,,,,,,,,,,,,,,,,,,,,,,,
checkSel,,,,,,,,,,,,,,,,,,,,,,,,,,,,,,,,,,,,
SimNets,,,,,,,,,,,,,,,,,,,,,,,,,,,,,,,,,,,,
simNet,simNet2,mnetPowerSim,,,,,,,,,,,,,,,,,,,,,,,,,,,,,,,,,,
simNet2,,,,,,,,,,,,,,,,,,,,,,,,,,,,,,,,,,,,
summarize,,,,,,,,,,,,,,,,,,,,,,,,,,,,,,,,,,,,
zeros,,,,,,,,,,,,,,,,,,,,,,,,,,,,,,,,,,,,
sumPlot,,,,,,,,,,,,,,,,,,,,,,,,,,,,,,,,,,,,
simFits,,,,,,,,,,,,,,,,,,,,,,,,,,,,,,,,,,,,
compareMods,getData,,,,,,,,,,,,,,,,,,,,,,,,,,,,,,,,,,,
performance,results,getData,mnetPowerSim,splitNets,SimNets,,,,,,,,,,,,,,,,,,,,,,,,,,,,,,,
getNets,,,,,,,,,,,,,,,,,,,,,,,,,,,,,,,,,,,,
results,,,,,,,,,,,,,,,,,,,,,,,,,,,,,,,,,,,,
getData,makeData,,,,,,,,,,,,,,,,,,,,,,,,,,,,,,,,,,,
getMeans,makePlots,,,,,,,,,,,,,,,,,,,,,,,,,,,,,,,,,,,
plotData,,,,,,,,,,,,,,,,,,,,,,,,,,,,,,,,,,,,
makeData,,,,,,,,,,,,,,,,,,,,,,,,,,,,,,,,,,,,
makePlots,,,,,,,,,,,,,,,,,,,,,,,,,,,,,,,,,,,,
appd,avlay,makePlots,,,,,,,,,,,,,,,,,,,,,,,,,,,,,,,,,,
s2pool,s2poolBy,,,,,,,,,,,,,,,,,,,,,,,,,,,,,,,,,,,
ssx,s2poolBy,s22,,,,,,,,,,,,,,,,,,,,,,,,,,,,,,,,,,
s2poolBy,s22,,,,,,,,,,,,,,,,,,,,,,,,,,,,,,,,,,,
s22,,,,,,,,,,,,,,,,,,,,,,,,,,,,,,,,,,,,
